original_text,summarized_text
"[
    {
        ""sender"": ""user"",
        ""message"": ""Hi, I'm having trouble with my computer. I think I forgot my password.""
    },
    {
        ""sender"": ""specialist"",
        ""message"": ""Don't worry, it happens to the best of us Can you please tell me what kind of computer you're using and what operating system it's running?""
    },
    {
        ""sender"": ""user"",
        ""message"": ""Uh, it's a laptop... I think it's Windows.""
    },
    {
        ""sender"": ""specialist"",
        ""message"": ""Okay, that helps Is it Windows 10, by any chance? And have you tried using any password reset methods already?""
    },
    {
        ""sender"": ""user"",
        ""message"": ""Yeah, I think it's Windows 10. And no, I haven't tried anything yet. I just tried typing in my password, but it says it's incorrect.""
    },
    {
        ""sender"": ""specialist"",
        ""message"": ""Alright, let's try to reset your password. Have you set up a Microsoft account with your laptop, or is it a local account?""
    },
    {
        ""sender"": ""user"",
        ""message"": ""Um, I think it's a Microsoft account... I use it to log in to my laptop and my phone.""
    },
    {
        ""sender"": ""specialist"",
        ""message"": ""Great In that case, we can try to reset your password online. Can you please go to the Microsoft account password reset page on another device, like your phone or another computer?""
    },
    {
        ""sender"": ""user"",
        ""message"": ""Okay, I'm on the page... what do I do now?""
    },
    {
        ""sender"": ""specialist"",
        ""message"": ""Enter your Microsoft account email address and follow the prompts to reset your password. You'll need to verify your identity and create a new password. If you're prompted to enter a verification code, I can help you with that.""
    },
    {
        ""sender"": ""user"",
        ""message"": ""Alright, I think I've done everything... but it's still not working. It says my account is locked.""
    },
    {
        ""sender"": ""specialist"",
        ""message"": ""I apologize for the frustration. If your account is locked, we may need to escalate this issue to our advanced support team. I can also offer to remote in to your laptop to try and assist you further. Would you prefer to escalate or try the remote assistance?""
    }
]","A user reached out for help with their laptop, stating they forgot their password and are unable to access their Windows 10 device. The specialist asked for clarification on the operating system and whether they had tried any password reset methods already, and the user confirmed it was Windows 10 and they hadn't attempted any resets. The specialist guided the user to reset their password online, as they had a Microsoft account linked to their laptop, but the user encountered an issue with their account being locked. The specialist apologized for the frustration and offered to escalate the issue to advanced support or provide remote assistance to try and resolve the problem."
"[
    {
        ""sender"": ""user"",
        ""message"": ""Hi, I'm trying to set up a VPN on my laptop, but I'm having some trouble.""
    },
    {
        ""sender"": ""specialist"",
        ""message"": ""Sorry to hear that you're having trouble with your VPN setup. Can you tell me a bit more about what's happening when you try to set it up? Are you getting any error messages?""
    },
    {
        ""sender"": ""user"",
        ""message"": ""Well, I'm not really sure. I just can't seem to get it to work. I've tried following the instructions, but it's not connecting.""
    },
    {
        ""sender"": ""specialist"",
        ""message"": ""Okay, no worries. Let's start from the beginning. Can you tell me what type of VPN you're trying to set up? Is it for work or personal use?""
    },
    {
        ""sender"": ""user"",
        ""message"": ""It's for work. My company uses a VPN to connect to the network remotely.""
    },
    {
        ""sender"": ""specialist"",
        ""message"": ""Alright, that helps. Have you installed the VPN software provided by your company? And do you have the necessary credentials to log in?""
    },
    {
        ""sender"": ""user"",
        ""message"": ""Yes, I think so. I mean, I downloaded something from the company website, but I'm not sure if it's the right thing.""
    },
    {
        ""sender"": ""specialist"",
        ""message"": ""Okay, let's check that. Can you please check the website again and verify that you've downloaded the correct VPN client? Also, can you check if you have the necessary credentials, such as a username and password?""
    },
    {
        ""sender"": ""user"",
        ""message"": ""Okay, I've checked the website, and I think I have the right software. But I'm still having trouble logging in.""
    },
    {
        ""sender"": ""specialist"",
        ""message"": ""Alright, let's try a few troubleshooting steps. Can you please try restarting your laptop and then try logging in to the VPN again?""
    },
    {
        ""sender"": ""user"",
        ""message"": ""Okay, I've restarted my laptop, but I'm still having trouble.""
    },
    {
        ""sender"": ""specialist"",
        ""message"": ""No problem. Next, let's try checking your internet connection. Can you please try connecting to a different network, such as a mobile hotspot, and see if you can log in to the VPN from there?""
    },
    {
        ""sender"": ""user"",
        ""message"": ""That didn't work either. I'm still having trouble.""
    },
    {
        ""sender"": ""specialist"",
        ""message"": ""I apologize for the continued trouble. It's possible that the issue is more complex and requires further investigation. I'm going to escalate this issue to our advanced support team, and they'll be in touch with you to resolve the issue. Would you prefer a call back or an email follow-up?""
    }
]","A user is having trouble setting up a VPN on their laptop for work and is seeking assistance. The specialist asks for more information about the issue and guides the user through a series of troubleshooting steps, including verifying the correct software and credentials, restarting the laptop, and checking the internet connection. The user continues to experience issues, and the specialist decides to escalate the problem to the advanced support team for further investigation. The specialist offers the user a choice between a call back or email follow-up to resolve the issue. The conversation is a collaborative effort to identify and resolve the problem, with the specialist providing clear and patient guidance throughout."
"[
    {
        ""sender"": ""user"",
        ""message"": ""Hi, I'm having trouble with my Wi-Fi connection. It just stopped working.""
    },
    {
        ""sender"": ""specialist"",
        ""message"": ""Sorry to hear that your Wi-Fi connection isn't working. Can you tell me a bit more about what's happening? Are you getting any error messages or is it simply not connecting?""
    },
    {
        ""sender"": ""user"",
        ""message"": ""I'm not getting any error messages. It just says 'no internet' on my laptop.""
    },
    {
        ""sender"": ""specialist"",
        ""message"": ""Okay, that helps. Have you tried restarting your laptop or your Wi-Fi router to see if that resolves the issue?""
    },
    {
        ""sender"": ""user"",
        ""message"": ""I restarted my laptop, but not the router. I'm not sure how to restart the router.""
    },
    {
        ""sender"": ""specialist"",
        ""message"": ""Restarting the router can often resolve connectivity issues. To restart your router, simply unplug it from the power source, wait about 30 seconds, and then plug it back in. This will reboot the router. Would you be able to do that for me?""
    },
    {
        ""sender"": ""user"",
        ""message"": ""Okay, I did that. But I'm still not connected to the Wi-Fi.""
    },
    {
        ""sender"": ""specialist"",
        ""message"": ""In that case, let's try to forget the Wi-Fi network on your laptop and then reconnect to it. This can sometimes resolve connectivity issues. Can you go to your Wi-Fi settings, find the network you're trying to connect to, and see if there's an option to 'forget network'?""
    },
    {
        ""sender"": ""user"",
        ""message"": ""Yes, I found it. I forgot the network. But how do I reconnect now?""
    },
    {
        ""sender"": ""specialist"",
        ""message"": ""Now that you've forgotten the network, you should see it listed as an available network in your Wi-Fi settings. Click on it, and you'll be prompted to enter the password. Enter your Wi-Fi password, and you should be able to reconnect.""
    },
    {
        ""sender"": ""user"",
        ""message"": ""I did that, but it's still not working. It says 'can't connect to this network'.""
    },
    {
        ""sender"": ""specialist"",
        ""message"": ""I apologize that those steps didn't resolve the issue. At this point, it might be helpful for me to escalate this issue to our network team to investigate further. Would you be available for a follow-up call later today or would you prefer I send someone to look at it in person?""
    },
    {
        ""sender"": ""user"",
        ""message"": ""A follow-up call would be fine, thank you.""
    },
    {
        ""sender"": ""specialist"",
        ""message"": ""Great I'll go ahead and schedule a follow-up call for later today. In the meantime, I'll also send you an email with some additional troubleshooting steps you can try. If you have any other questions or concerns before the call, feel free to reach out. Thank you for your patience, and I look forward to speaking with you later.""
    }
]","A user sought help from a specialist due to their Wi-Fi connection suddenly stopping. The specialist asked for more information and suggested restarting the laptop and router to resolve the issue. After restarting, the user was still unable to connect, so the specialist advised them to forget the network and reconnect. However, this also failed to resolve the issue. The specialist then offered to escalate the problem to the network team for further investigation and scheduled a follow-up call for later in the day, also sending additional troubleshooting steps via email."
"[
    {
        ""sender"": ""user"",
        ""message"": ""Hi, I'm having trouble setting up my email client. It's not working.""
    },
    {
        ""sender"": ""specialist"",
        ""message"": ""Sorry to hear that. Can you tell me a bit more about the issue? What email client are you trying to set up, and what exactly is happening when you try to use it?""
    },
    {
        ""sender"": ""user"",
        ""message"": ""I'm using Outlook. I'm not really sure, it just won't connect to the server or something.""
    },
    {
        ""sender"": ""specialist"",
        ""message"": ""Okay, let's try to troubleshoot the issue. Can you check if you've entered the correct email address and password in the Outlook settings?""
    },
    {
        ""sender"": ""user"",
        ""message"": ""Yeah, I'm pretty sure I did. I've been using the same password for years.""
    },
    {
        ""sender"": ""specialist"",
        ""message"": ""Great. Next, let's check the server settings. Can you go to the 'Account Settings' in Outlook, click on the 'Change' button, and then click on 'More Settings'? What does it say under 'Incoming mail server' and 'Outgoing mail server'?""
    },
    {
        ""sender"": ""user"",
        ""message"": ""Um, let me check... Okay, it says 'imap.example.com' for the incoming server and 'smtp.example.com' for the outgoing server.""
    },
    {
        ""sender"": ""specialist"",
        ""message"": ""Those settings look correct. As a next step, let's try checking the port numbers. Can you click on the 'Advanced' tab and check if the port numbers are set to 993 for IMAP and 587 for SMTP?""
    },
    {
        ""sender"": ""user"",
        ""message"": ""Yeah, the port numbers are correct. I'm not sure what's going on.""
    },
    {
        ""sender"": ""specialist"",
        ""message"": ""Don't worry, we'll figure it out. One more thing to try: can you check if your firewall or antivirus software is blocking Outlook from connecting to the internet?""
    },
    {
        ""sender"": ""user"",
        ""message"": ""Hmm, I'm not sure how to do that. Can you walk me through it?""
    },
    {
        ""sender"": ""specialist"",
        ""message"": ""Of course. I can guide you through it, but it might be easier if I remote into your computer to take a look. Would you be okay with that?""
    },
    {
        ""sender"": ""user"",
        ""message"": ""Yeah, that's fine, I guess. But if it's something simple, I'd rather just fix it myself.""
    },
    {
        ""sender"": ""specialist"",
        ""message"": ""I completely understand. If we're unable to resolve the issue on this call, I can also escalate it to our advanced support team or schedule a callback for further assistance. Let me just check a few more things before we decide on the next steps.""
    },
    {
        ""sender"": ""user"",
        ""message"": ""Okay, sounds good. I appreciate your help.""
    },
    {
        ""sender"": ""specialist"",
        ""message"": ""You're welcome I'm happy to assist you. Please hold for just a moment while I check a few more things.""
    }
]","A user is having trouble setting up their email client, Outlook, and reaches out to a specialist for help. The specialist asks the user to provide more information about the issue, and they explain that Outlook won't connect to the server. The specialist guides the user through troubleshooting steps, including checking the email address and password, server settings, and port numbers. The user confirms that these settings are correct, but the issue persists. The specialist suggests checking the firewall or antivirus software to see if it's blocking Outlook, and offers to remote into the user's computer to investigate further. The user is hesitant, preferring to fix the issue themselves if possible, but leaves the option open and thanks the specialist for their assistance."
"[
    {
        ""sender"": ""user"",
        ""message"": ""Hi, my computer is saying I need to install software updates, but it's not working.""
    },
    {
        ""sender"": ""specialist"",
        ""message"": ""I'd be happy to help you with that Can you tell me a bit more about what you're seeing on your screen? Is there an error message or a specific update that's not installing?""
    },
    {
        ""sender"": ""user"",
        ""message"": ""It just says 'updates available' and when I click on it, nothing happens.""
    },
    {
        ""sender"": ""specialist"",
        ""message"": ""Okay, that's a good starting point. Can you please check if your computer is connected to the internet? Sometimes, updates won't download if you're not connected.""
    },
    {
        ""sender"": ""user"",
        ""message"": ""Yeah, I'm connected to Wi-Fi. I was just browsing the internet before I called you.""
    },
    {
        ""sender"": ""specialist"",
        ""message"": ""Great In that case, let's try restarting your computer and then checking for updates again. Sometimes, a simple reboot can resolve the issue. Would you be willing to try that?""
    },
    {
        ""sender"": ""user"",
        ""message"": ""Okay, I'll try that. But I've already restarted it a few times today...""
    },
    {
        ""sender"": ""specialist"",
        ""message"": ""I understand, but it's still worth a shot. If that doesn't work, we can try some other troubleshooting steps. After you restart, please check for updates again and let me know if you see any error messages or if the updates start downloading.""
    },
    {
        ""sender"": ""user"",
        ""message"": ""Okay, I restarted it... and it's still not working. I see a message that says 'error code 0x80070002'.""
    },
    {
        ""sender"": ""specialist"",
        ""message"": ""That error code can be a bit tricky. Let's try running the Windows Update Troubleshooter to see if that resolves the issue. I can walk you through the steps if you'd like.""
    },
    {
        ""sender"": ""user"",
        ""message"": ""That sounds good, I guess. I'm not really sure what that is, but if it might fix the problem, I'm willing to try it.""
    },
    {
        ""sender"": ""specialist"",
        ""message"": ""The Windows Update Troubleshooter is a built-in tool that can help resolve common issues with Windows Update. I'll guide you through the process. If it doesn't work, we may need to escalate the issue to our advanced support team for further assistance.""
    },
    {
        ""sender"": ""user"",
        ""message"": ""Okay, I think I got it to work The troubleshooter fixed the problem. Thanks so much for your help!""
    },
    {
        ""sender"": ""specialist"",
        ""message"": ""You're welcome I'm glad we were able to resolve the issue. If you have any other problems or concerns in the future, don't hesitate to reach out to us. Have a great day!""
    }
]","A user contacted a specialist for help with installing software updates on their computer, which was not working despite being connected to the internet. The specialist asked the user to restart their computer, which they had already done multiple times, but still the issue persisted. An error code 0x80070002 appeared after the restart, prompting the specialist to suggest running the Windows Update Troubleshooter. The user agreed, and the specialist guided them through the process. The troubleshooter successfully resolved the issue, and the user was able to install the updates. The specialist concluded the conversation by thanking the user and inviting them to reach out if they had any future problems."
"[
    {
        ""sender"": ""user"",
        ""message"": ""Hi, I'm having trouble printing. My computer can't seem to find the printer.""
    },
    {
        ""sender"": ""specialist"",
        ""message"": ""I'm happy to help you with that. Can you tell me a bit more about your setup? What kind of printer do you have and how is it connected to your computer?""
    },
    {
        ""sender"": ""user"",
        ""message"": ""It's a wireless printer. I'm not really sure what kind, let me check... Ah, it says HP Envy 5055 on the front.""
    },
    {
        ""sender"": ""specialist"",
        ""message"": ""Great, thank you for checking Wireless printers can sometimes be a bit finicky. Have you tried restarting both your computer and the printer to see if that resolves the issue?""
    },
    {
        ""sender"": ""user"",
        ""message"": ""Yeah, I restarted my computer, but I didn't think to restart the printer. Let me do that real quick.""
    },
    {
        ""sender"": ""specialist"",
        ""message"": ""While you're doing that, I'll guide you through some troubleshooting steps. Please go ahead and restart the printer. Once it's back on, try printing a test page to see if the issue persists.""
    },
    {
        ""sender"": ""user"",
        ""message"": ""Okay, the printer is back on, but my computer still can't find it. I tried printing a test page, but it says 'no printers found'.""
    },
    {
        ""sender"": ""specialist"",
        ""message"": ""That helps to narrow it down a bit. It's possible that the issue is with the wireless connection. Can you check your computer's Wi-Fi settings to make sure it's connected to the same network as the printer?""
    },
    {
        ""sender"": ""user"",
        ""message"": ""Yeah, I'm connected to the right network. I've been using it all day for other things, so I'm pretty sure that's not the problem.""
    },
    {
        ""sender"": ""specialist"",
        ""message"": ""In that case, let's try reinstalling the printer drivers on your computer. Sometimes, corrupt or outdated drivers can cause connectivity issues. I can walk you through the steps to do that if you'd like.""
    },
    {
        ""sender"": ""user"",
        ""message"": ""That sounds like it might work. But I'm not really comfortable doing that myself. Can someone come to fix it or is there another option?""
    },
    {
        ""sender"": ""specialist"",
        ""message"": ""Don't worry, I completely understand If you're not comfortable reinstalling the drivers yourself, we can definitely schedule a time for one of our IT staff to come and assist you. Alternatively, we could also try remote desktop support, where I can take control of your computer and try to resolve the issue that way. Which option sounds more appealing to you?""
    },
    {
        ""sender"": ""user"",
        ""message"": ""I think the remote desktop support sounds like the way to go. How does that work?""
    },
    {
        ""sender"": ""specialist"",
        ""message"": ""Great choice I'll send you a link to download a small piece of software that will allow me to access your computer remotely. Once you've installed it, I'll be able to take control of your computer and try to resolve the printer issue. I'll be able to see exactly what you're seeing and guide you through the process. Sound good?""
    }
]","A user is having trouble printing with their wireless HP Envy 5055 printer, as their computer can't seem to find it. A specialist guides the user through troubleshooting steps, starting with restarting the printer, which doesn't resolve the issue. The specialist then suggests checking the Wi-Fi connection, which the user confirms is working correctly. Next, the specialist recommends reinstalling the printer drivers, but the user is not comfortable doing this themselves. The specialist offers two alternative solutions: scheduling a visit from an IT staff member or remote desktop support, where the specialist can take control of the user's computer to resolve the issue. The user chooses the remote desktop support option, and the specialist explains the process, which involves downloading a small piece of software to allow remote access."
"[
    {
        ""sender"": ""user"",
        ""message"": ""Hi, I'm trying to set up two-factor authentication on my work laptop, but it's not working.""
    },
    {
        ""sender"": ""specialist"",
        ""message"": ""I'd be happy to help you with that. Can you tell me a bit more about what's happening when you try to set it up? Are you getting any error messages?""
    },
    {
        ""sender"": ""user"",
        ""message"": ""I'm not getting any error messages, it just doesn't seem to be working. I've tried scanning the QR code, but it's not recognizing it.""
    },
    {
        ""sender"": ""specialist"",
        ""message"": ""Okay, that's a good start. Can you confirm that you've downloaded and installed the authenticator app on your phone, and that you're using the correct QR code from our company's portal?""
    },
    {
        ""sender"": ""user"",
        ""message"": ""I think so... I mean, I've got the app on my phone, but I might have grabbed the wrong QR code. How do I know which one is the right one?""
    },
    {
        ""sender"": ""specialist"",
        ""message"": ""That's an easy mistake to make. Let me walk you through it. Can you please log in to our company portal and navigate to the security settings page? I'll guide you through finding the correct QR code.""
    },
    {
        ""sender"": ""user"",
        ""message"": ""Okay, I'm on the security settings page. I see a few different options here... which one do I need to use?""
    },
    {
        ""sender"": ""specialist"",
        ""message"": ""You'll want to click on the 'Two-Factor Authentication' tab, and then look for the 'Setup' button. That should generate a new QR code for you to scan with your authenticator app. Try scanning that one and see if it works.""
    },
    {
        ""sender"": ""user"",
        ""message"": ""Alright, I've scanned the new QR code, but it's still not working. I'm getting a message that says 'invalid code'.""
    },
    {
        ""sender"": ""specialist"",
        ""message"": ""That's frustrating. Let's try one more thing. Can you please check that the time on your phone is synced with the time on your laptop? Sometimes, a slight time discrepancy can cause issues with two-factor authentication.""
    },
    {
        ""sender"": ""user"",
        ""message"": ""Ah, I think that might be the problem. My phone's time was off by a few minutes. Let me try again.""
    },
    {
        ""sender"": ""specialist"",
        ""message"": ""Great catch If you're still having trouble after syncing your phone's time, we may need to escalate this issue to our advanced support team for further assistance. But try again first and see if that resolves the issue.""
    },
    {
        ""sender"": ""user"",
        ""message"": ""Yes, that worked I was able to set up two-factor authentication successfully. Thank you so much for your help!""
    },
    {
        ""sender"": ""specialist"",
        ""message"": ""You're welcome I'm glad we were able to get it working for you. If you have any other issues or concerns, don't hesitate to reach out to us. Have a great day!""
    }
]","A user sought help from a specialist to set up two-factor authentication on their work laptop, but was unable to do so despite trying to scan the QR code. The specialist guided the user through troubleshooting steps, including confirming the correct QR code was being used and ensuring the authenticator app was properly installed. After the user tried again, they still encountered issues, but the specialist suggested checking the phone's time sync with the laptop, which was found to be the root of the problem. Once the phone's time was synced, the user was able to successfully set up two-factor authentication. The specialist was happy to assist and offered further support if needed."
"[
    {
        ""sender"": ""user"",
        ""message"": ""Hi, my Microsoft Office is not working properly. It keeps freezing on me.""
    },
    {
        ""sender"": ""specialist"",
        ""message"": ""Sorry to hear that Can you tell me more about what's happening when it freezes? Is it a specific application like Word or Excel, or is it the entire Office suite?""
    },
    {
        ""sender"": ""user"",
        ""message"": ""It's mostly Word. I'm trying to work on a document and it just stops responding.""
    },
    {
        ""sender"": ""specialist"",
        ""message"": ""Okay, that helps narrow it down. Have you tried closing and reopening Word, or restarting your computer to see if that resolves the issue?""
    },
    {
        ""sender"": ""user"",
        ""message"": ""Yeah, I've tried that a few times. It works for a bit, but then it freezes again.""
    },
    {
        ""sender"": ""specialist"",
        ""message"": ""Let's try something else. Can you check if your Word is up to date? Sometimes updates can resolve issues like this. You can check for updates by going to File > Account > Update Options.""
    },
    {
        ""sender"": ""user"",
        ""message"": ""Okay, I'm checking... yeah, it says I'm up to date.""
    },
    {
        ""sender"": ""specialist"",
        ""message"": ""Alright, that helps rule out updates. Next, I'd like to try disabling any add-ins that might be causing the issue. Can you go to File > Options > Add-ins and see if there are any add-ins enabled?""
    },
    {
        ""sender"": ""user"",
        ""message"": ""Okay, I see a few add-ins listed here. How do I disable them?""
    },
    {
        ""sender"": ""specialist"",
        ""message"": ""You can disable them by selecting the add-in and clicking the 'Go' button, then unchecking the box next to the add-in to disable it. Try disabling all of them and see if that resolves the issue.""
    },
    {
        ""sender"": ""user"",
        ""message"": ""Alright, I've disabled them all. But I'm still having the same issue.""
    },
    {
        ""sender"": ""specialist"",
        ""message"": ""I apologize that we haven't been able to resolve the issue yet. It's possible that there's a deeper issue with your Office installation. I'm going to escalate this issue to our advanced support team. They'll be able to take a closer look and provide a more detailed solution. Would you be available for a callback from them within the next 24 hours?""
    },
    {
        ""sender"": ""user"",
        ""message"": ""Yeah, that's fine. Thank you for trying to help me.""
    },
    {
        ""sender"": ""specialist"",
        ""message"": ""You're welcome I apologize again that we couldn't resolve the issue on this call, but I'm confident that our advanced support team will be able to help you get back up and running. We'll also follow up with you to make sure the issue is resolved to your satisfaction.""
    }
]","A user reported issues with Microsoft Office, specifically with Word freezing. A specialist responded, asking the user to provide more details, and the user explained that the freezing occurs when working on a document. The specialist suggested troubleshooting steps, including closing and reopening Word, restarting the computer, checking for updates, and disabling add-ins. The user tried these steps, but the issue persisted. The specialist then escalated the issue to an advanced support team, which will investigate further and provide a more detailed solution. The specialist apologized for not resolving the issue and assured the user that the advanced team will help resolve the problem within 24 hours."
"[
    {
        ""sender"": ""user"",
        ""message"": ""Hi, I just got a new laptop and I'm having trouble setting it up. It won't connect to the internet.""
    },
    {
        ""sender"": ""specialist"",
        ""message"": ""Sorry to hear that you're having trouble with your new laptop. Can you tell me a bit more about what's happening when you try to connect to the internet? Are you getting any error messages?""
    },
    {
        ""sender"": ""user"",
        ""message"": ""No, I'm not getting any error messages. It just says 'no connections available' or something like that.""
    },
    {
        ""sender"": ""specialist"",
        ""message"": ""Okay, that's helpful to know. Can you check and make sure that your Wi-Fi is turned on and that you're trying to connect to the correct network?""
    },
    {
        ""sender"": ""user"",
        ""message"": ""Yeah, I've checked that. The Wi-Fi is on and I'm trying to connect to my home network.""
    },
    {
        ""sender"": ""specialist"",
        ""message"": ""Alright, let's try a few troubleshooting steps. Can you try restarting your laptop and then try connecting to the internet again?""
    },
    {
        ""sender"": ""user"",
        ""message"": ""Okay, I'll try that. (pause) Okay, I've restarted it and it's still not connecting.""
    },
    {
        ""sender"": ""specialist"",
        ""message"": ""Okay, no worries. Next, I'd like you to try forgetting the network and then reconnecting to it. Can you go to your Wi-Fi settings and see if you can 'forget' the network, and then try reconnecting to it?""
    },
    {
        ""sender"": ""user"",
        ""message"": ""Okay, I think I did that. But it's still not working.""
    },
    {
        ""sender"": ""specialist"",
        ""message"": ""Alright, let's try one more thing. Can you plug your laptop directly into your router using an Ethernet cable and see if you can get a connection that way?""
    },
    {
        ""sender"": ""user"",
        ""message"": ""I don't have an Ethernet cable.""
    },
    {
        ""sender"": ""specialist"",
        ""message"": ""No worries, we can try a different approach. It's possible that there's an issue with your laptop's network adapter or the router itself. I'm going to go ahead and escalate this issue to our advanced support team, and they'll be able to further assist you. Would you be available for a follow-up call later today or tomorrow?""
    },
    {
        ""sender"": ""user"",
        ""message"": ""Yeah, that would be great. Thank you for your help so far.""
    },
    {
        ""sender"": ""specialist"",
        ""message"": ""You're welcome I apologize again for the inconvenience, and I appreciate your patience. I'll go ahead and schedule that follow-up call for you. You should receive an email with the details shortly.""
    }
]","A user contacted a specialist for help with their new laptop, which wouldn't connect to the internet. The specialist guided the user through troubleshooting steps, including checking Wi-Fi settings, restarting the laptop, and forgetting the network. Despite these efforts, the issue persisted. The specialist then suggested plugging the laptop directly into the router using an Ethernet cable, but the user didn't have one. As a result, the specialist escalated the issue to the advanced support team and scheduled a follow-up call for further assistance. The user was appreciative of the help so far and was willing to wait for the next steps."
"[
    {
        ""sender"": ""user"",
        ""message"": ""Hi, I'm having trouble with my computer. I think I'm locked out of my account.""
    },
    {
        ""sender"": ""specialist"",
        ""message"": ""Sorry to hear that you're having trouble accessing your account. Can you tell me a little bit more about what's happening? Are you getting an error message when you try to log in?""
    },
    {
        ""sender"": ""user"",
        ""message"": ""Yeah, I think so. It says something about too many failed logins. I don't remember my password, so I might have tried a few times.""
    },
    {
        ""sender"": ""specialist"",
        ""message"": ""That's okay, it happens Too many failed login attempts can cause your account to lock. Have you tried using the password reset option on the login screen?""
    },
    {
        ""sender"": ""user"",
        ""message"": ""I don't think so... I didn't see that option. Is that something I can do?""
    },
    {
        ""sender"": ""specialist"",
        ""message"": ""Yes, it should be available on the login screen. Let me walk you through it. Can you please go back to the login screen and look for a 'Forgot Password' or 'Reset Password' link?""
    },
    {
        ""sender"": ""user"",
        ""message"": ""Okay, I see it now. But it's asking me for my email address, and I'm not sure which email address I used to set up my account.""
    },
    {
        ""sender"": ""specialist"",
        ""message"": ""That's a common issue. If you're not sure which email address you used, we can try a few things. Can you please try using the email address that you use for work or school?""
    },
    {
        ""sender"": ""user"",
        ""message"": ""Okay, I tried that, but it says the email address isn't recognized.""
    },
    {
        ""sender"": ""specialist"",
        ""message"": ""No worries, we can try another approach. I'm going to send you a password reset link to the email address that we have on file for your account. Can you please check your email and see if you receive the link?""
    },
    {
        ""sender"": ""user"",
        ""message"": ""Okay, I got the email But the link isn't working for me. It just takes me to a blank page.""
    },
    {
        ""sender"": ""specialist"",
        ""message"": ""Sorry to hear that the link isn't working for you. It's possible that there's a technical issue on our end. I'm going to escalate this issue to our advanced support team, and they'll be in touch with you to help resolve the issue. Is that okay with you?""
    },
    {
        ""sender"": ""user"",
        ""message"": ""Yeah, that sounds good. Thank you for your help so far!""
    },
    {
        ""sender"": ""specialist"",
        ""message"": ""You're welcome I apologize again for the inconvenience, and I appreciate your patience. Someone from our advanced support team will be in touch with you shortly to help resolve the issue.""
    }
]","A user reached out to a specialist for help with accessing their locked account, which they suspected was due to too many failed login attempts. The specialist guided the user through troubleshooting steps, including using the password reset option on the login screen, which required the user's email address. However, the user was unsure of the email address they used to set up their account, and attempts to reset the password using different email addresses were unsuccessful. The specialist then offered to send a password reset link to the email address on file, but the link didn't work for the user. The issue was escalated to the advanced support team, who will contact the user to resolve the problem. Despite the challenges, the specialist remained patient and helpful throughout the conversation."
